Name,Mass (MJ),Radius (RJ),Distance (ly)
2MASS J22362452+4751425 b,12.5,230,
BD+15 2375 b,1.061,153.22,
BD+20 594 b,0.05129,0.199,496
CI Tauri b,11.6+2.9−2.7,8.9891±0.0202,
EPIC 211901114 b,<5,0.9±0.5,0.46±0.02
GJ 725 B b,0.0038,2.7,
Gliese 536 b,0.01686,8.7076,
Gliese 676 Ac,6.8,7337,
Gliese 3998 b,0.00777,2.64977,0.5
Gliese 3998 c,0.0197,13.74,0.5
HAT-P-65b,0.527,1.89,2740
HAT-P-66b,0.783,1.59,3020
HATS-11b,0.85,1.51,2950
HATS-12b,2.38,1.35,3200
HATS-18b,1.98,1.337,2100
HATS-19b,0.427±0.071,1.66+0.27−0.21,1860±30
HATS-20b,0.273±0.035,0.776±0.055,1610±40
HATS-21b,0.332+0.040−0.030,1.123+0.147−0.054,954±10
HATS-22b,2.74,0.953,678
HATS-23b,1.47,1.86,2440
HATS-24b,2.44,1.487,1700
HATS-25b,0.613,1.26,0.99
HATS-26b,0.65,1.75,1.3
HATS-27b,0.53,1.5,1.42
HATS-28b,0.672,1.194,0.93
HATS-29b,0.653,1.251,1.03
HATS-30b,0.706,1.175,1.09
HATS-31b,0.88,1.64,2840
HATS-32b,0.92,1.249,2740
HATS-33b,1.192,1.23,830
HATS-34b,0.941,1.43,1740
HATS-35b,1.222,1.464,1820
HD 3167 b,0.139,0.959628,
HD 3167 c,0.254,29.8454,
HD 5583 b,5.78,139.35,
HD 9174 b [id],1.11,1179,
HD 12484 b,2.98,58.83,
HD 30177 c,7.6,11613,
HD 35759 b,3.76,82.467,
HD 42618 b [id],0.04531,149.61,1.01
HD 68402 b,3.07,1103,
HD 72892 b [id],5.45,39.475,
HD 86950 b,3.6,1270,
HD87646 b [fr],12.4,13.481,
HD 99706 c,5.69,1278,
HD 128356 b [id],0.89,298.2,
HD 131399 Ab,4,200000,2.08
HD 133131 Ab,1.42,649,
HD 133131 Ac,0.42,3568,
HD 133131 Bb,2.5,5769,
HD 143105 b,1.21,2.1974,
HD 147873 b [id],5.14,116.596,
HD 147873 c [id],2.3,491.54,
HD 156279 c,8.60+0.50−0.55,4191+270−310,
HD 164922 c,0.04059,75.765,0.87
HD 165155 b,2.89,434.5,
HD 191806 b,8.52,1606.3,
HD 214823 b [id],19.2,1877,
HD 219828 c,15.1,4791,
HD 220842 b,3.18,218.47,
HD 221585 b [id],1.61,1173,
HD 222076 b [id],1.56,871,
HD 224538 b [id],5.97,1189.1,
HD 11343 b,5.5,1560.2,
HIP 41378 b,0.259,15.5712,
HIP 41378 c,0.228,31.6978,
HIP 41378 d,0.353,156,
HIP 41378 e,0.492,131,
HIP 41378 f,0.91,324,
HIP 65407 b,0.428,28.125,
HIP 65407 c,0.784,67.3,
HD 135760 b [ru],2.4,822.3,
HIP 109384 b,1.56,499.48,
HIP 109600 b,2.68,232.08,
HR 2562 b,30,1.11,
K2-8c,0.215,5.06416,
K2-19d,0.044,0.102,950
K2-24b,0.062,0.52,590
K2-24c,0.082,0.723,590
K2-26b,0.238,14.5665,
K2-27b,0.09722,0.4,
K2-29b,0.73,1.19,600
K2-30b,0.579,1.039,910
K2-31b,1.774,1.06,
K2-32b,0.05191,0.458,
K2-32c,0.03807,0.269,
K2-32d,0.03241,0.306,
K2-33b,3.7,0.45,
K2-34b,1.76,1.35,1230
K2-35b,0.125,2.39984,
K2-35c,0.186,5.60912,
K2-36b,0.118,1.42266,
K2-36c,0.25,5.34059,
K2-37b,0.144,4.44117,
K2-37c,0.245,6.42904,
K2-37d,0.244,14.09189,
K2-38b,0.03776,0.138,1.03+0.04−0.02
K2-38c,0.03115,0.216,1.03+0.04−0.02
K2-39b,0.12522,0.509,1.19
K2-42b,0.192,6.68796,
K2-43b,0.368,3.47114,
K2-44b,0.243,5.65688,
K2-45b,0.599,1.7292684,
K2-46b,0.183,19.1541,
K2-47b,0.169,31.6372,
K2-48b,0.2,20.5065,
K2-49b,0.172,2.77065,
K2-50b,0.142,8.7529,
K2-52b,0.99,3.53482,
K2-53b,0.223,12.2054,
K2-54b,0.103,9.7843,
K2-55b,0.341,2.849258,
K2-57b,0.187,9.0063,
K2-58b,0.239,7.05254,
K2-58c,0.145,2.53726,
K2-58d,0.153,22.8827,
K2-59b,0.215,20.6921,
K2-59c,0.205,11.2954,
K2-60b,0.426,0.683,0.97
K2-61b,0.221,2.57302,
K2-62b,0.191,6.67202,
K2-62c,0.191,16.1966,
K2-63b,0.287,20.257,
K2-64b,0.185,6.53044,
K2-65b,0.141,12.6475,
K2-66b,0.222,5.06965,
K2-68b,0.141,8.05428,
K2-69b,0.207,7.06599,
K2-70b,0.258,13.97896,
K2-71b,0.192,6.98541,
K2-72b,0.067,5.57739,
K2-72c,0.077,15.1871,
K2-72d,0.065,7.7599,
K2-72e,0.073,24.1669,
K2-73b,0.219,7.49543,
K2-74b,0.206,19.5666,
K2-75b,0.238,7.8142,
K2-75c,0.247,18.311,
K2-77b,1.9,0.205,
K2-79b,0.0371±0.0113,0.365±0.015,
K2-80b,0.179,19.0918,
K2-80c,0.131,5.605,
K2-81b,0.162,6.10224,
K2-83b,0.111,2.74697,
K2-83c,0.132,9.99767,
K2-84b,0.215,6.4215,
K2-84c,0.181,27.86,
K2-85b,0.09,0.684533,
K2-86b,0.175,8.77683,
K2-87b,0.41,9.72739,
K2-88b,0.11,4.6122,
K2-89b,0.055,1.096026,
K2-90b,0.182,13.7311,
K2-90c,0.091,2.90032,
K2-91b,0.098,1.419549,
K2-93b,0.228,0.138,
K2-93c,0.259,0.22,
K2-95b [id],0.03458,0.31,0.36
K2-97b [id],1.1,1.31,
K2-98b [id],0.10131,0.384,1.07
K2-99b,0.97,1.06±0.01,1.6
K2-100b,0.312,1.673916,
K2-101b,0.178,14.677286,
K2-102b,0.116,9.915615,
K2-103b,0.196,21.169619,
K2-104b,0.17,1.97419,
KELT-10b,0.679,1.399,600
KELT-14b,1.284,1.743,1.24
KELT-15b,0.91,1.443,1.18
KELT-17b,1.31,1.525,680
KIC 7917485 b,11.8,840,
Kepler-10d,0.019+0.005−0.003,102,
Kepler-20g,0.0628,34.94,
Kepler-46d,0.146,6.766589,
Kepler-56d,5.61,1002,
Kepler-80f,0.108,0.9867873,
Kepler-132e,0.105,110.2869374,
Kepler-148d,0.774,51.84688575,
Kepler-154d,0.343,20.54981883,
Kepler-154e,0.134,3.93276465,
Kepler-154f,0.134,9.91935684,
Kepler-157d,0.13,7.02573474,
Kepler-166d,0.154,1.55400393,
Kepler-167d,0.107,21.803855,0.77
Kepler-167e,0.906,1071.23228,0.77
Kepler-176e,0.129,51.16579,
Kepler-191d,0.203,5.94504102,
Kepler-192d,0.091,6.47027579,
Kepler-198d,0.136,1.31184443,
Kepler-217d,0.118,3.88689525,
Kepler-218d,0.237,124.5244647,
Kepler-245e,0.156,3.21982106,
Kepler-255d,0.118,1.04562266,
Kepler-271d,0.059,5.24972541,
Kepler-304e,0.107,1.49914695,
Kepler-342e,0.079,1.64422461,
Kepler-351d,0.243,142.544247,
Kepler-398d,0.079,6.83437001,
Kepler-401d,0.203,184.256405,
Kepler-403d,0.127,13.61159129,
Kepler-411c,0.292,7.83442788,
Kepler-436c,0.208,16.79713874,
Kepler-461b,0.23,8.31378306,
Kepler-462b,0.336,84.6879808,
Kepler-463b,0.272,8.98101683,
Kepler-464b,0.294,7.25696522,
Kepler-465b,0.263,9.94067247,
Kepler-466b,0.254,51.07926307,
Kepler-466c,0.112,3.70921385,
Kepler-467b,0.201,24.99324193,
Kepler-468b,1.19,38.47875707,
Kepler-470b,1.288,24.66919569,
Kepler-471b,1.335,5.01423457,
Kepler-472b,0.287,4.17625551,
Kepler-473b,0.364,14.55731705,
Kepler-474b,0.273,5.66067294,
Kepler-475b,0.222,3.10550819,
Kepler-476b,0.275,14.00640607,
Kepler-477b,0.185,11.11990653,
Kepler-478b,0.242,13.2217576,
Kepler-479b,0.189,12.49341307,
Kepler-480b,0.248,4.9195838,
Kepler-481b,0.223,10.06082567,
Kepler-482b,0.211,56.35418576,
Kepler-483b,0.286,30.229104,
Kepler-484b,0.203,10.04556931,
Kepler-485b,1.286,3.2432598,
Kepler-486b,0.981,30.36044667,
Kepler-487b,1.019,15.3587684,
Kepler-487c,0.239,38.6519976,
Kepler-488b,1.409,3.12082923,
Kepler-489b,0.689,17.27629612,
Kepler-490b,1.039,3.26869515,
Kepler-491b,0.796,4.22538451,
Kepler-492b,0.856,11.72012266,
Kepler-493b,1.35,3.00387658,
Kepler-494b,0.637,8.02511821,
Kepler-495b,0.467,3.41303622,
Kepler-496b,0.207,8.30864937,
Kepler-497b,0.539,3.57320367,
Kepler-498b,0.27,9.61375356,
Kepler-499b,0.194,5.63252845,
Kepler-500b,0.23,8.5083244,
Kepler-501b,0.384,5.64067757,
Kepler-502b,0.426,4.28686431,
Kepler-504b,0.142,9.54927542,
Kepler-505b,0.232,27.52197994,
Kepler-506b,0.244,6.8834055,
Kepler-507b,0.116,3.56809693,
Kepler-508b,0.146,25.30889748,
Kepler-509b,0.222,41.74600392,
Kepler-510b,0.22,19.55659418,
Kepler-511b,0.567,296.637865,
Kepler-512b,0.24,34.43587975,
Kepler-513b,0.196,28.86235584,
Kepler-514b,0.153,5.65179605,
Kepler-515b,0.13,19.96371318,
Kepler-516b,0.512,24.85462415,
Kepler-517b,0.238,60.92832271,
Kepler-518b,0.188,8.51203588,
Kepler-519b,0.187,24.3078946,
Kepler-520b,0.148,19.67416124,
Kepler-520c,0.095,5.21104261,
Kepler-521b,0.284,22.20813214,
Kepler-522b,0.616,38.58422849,
Kepler-523b,0.175,5.83598311,
Kepler-524b,0.17,7.97419807,
Kepler-524c,0.086,1.88897906,
Kepler-525b,0.235,18.68404933,
Kepler-526b,0.178,5.45849832,
Kepler-527b,0.253,13.28535633,
Kepler-528b,0.186,19.78297415,
Kepler-529b,0.166,1.98035766,
Kepler-529c,0.178,12.8345022,
Kepler-530b,0.269,39.30941904,
Kepler-531b,0.248,29.88485741,
Kepler-532b,0.229,12.92491623,
Kepler-533b,0.302,28.51120525,
Kepler-534b,0.2,15.95994513,
Kepler-535b,0.211,4.90332155,
Kepler-536b,0.277,1.8270823,
Kepler-537b,0.126,3.24755522,
Kepler-538b,0.202,81.73780699,
Kepler-539b,0.97,0.747,1.05
Kepler-539c,2.4,1000,
Kepler-540b,0.242,172.7049784,
Kepler-541b,0.3,5.08005848,
Kepler-542b,0.14,13.14497566,
Kepler-543b,0.223,13.89961966,
Kepler-544b,0.189,21.41616926,
Kepler-545b,0.24,13.24934059,
Kepler-546b,0.624,4.14702026,
Kepler-547b,0.357,6.01038429,
Kepler-548b,1.07,4.45419434,
Kepler-549b,0.229,42.9495649,
Kepler-549c,0.261,117.040498,
Kepler-550b,0.394,8.60010411,
Kepler-551b,0.244,12.3764661,
Kepler-552b,0.352,5.26341577,
Kepler-553b,0.413,4.03046804,
Kepler-553c,0.999,328.2399546,
Kepler-554b,0.383,1.90220856,
Kepler-555b,0.252,16.21775407,
Kepler-556b,0.2,11.72292176,
Kepler-557b,0.238,3.70598955,
Kepler-558b,0.211,29.00790538,
Kepler-559b,0.322,17.58752333,
Kepler-560b,0.153,18.47764449,
Kepler-561b,0.621,58.3620495,
Kepler-561c,0.239,5.35016198,
Kepler-562b,0.465,18.00931444,
Kepler-563b,0.276,22.18432708,
Kepler-564b,0.413,3.75083228,
Kepler-565b,0.325,4.24374723,
Kepler-566b,0.192,18.42794624,
Kepler-567b,0.201,16.54297375,
Kepler-568b,0.202,11.02347475,
Kepler-569b,0.282,34.18890521,
Kepler-570b,0.219,4.301662,
Kepler-571b,0.236,4.79859939,
Kepler-572b,0.23,17.20523483,
Kepler-573b,0.249,22.18329658,
Kepler-574b,0.213,7.65880414,
Kepler-575b,0.213,9.37891944,
Kepler-576b,0.292,29.91136794,
Kepler-577b,0.227,25.69578251,
Kepler-578b,0.178,1.6168837,
Kepler-579b,0.178,9.66857723,
Kepler-580b,0.229,8.22241966,
Kepler-581b,0.235,40.6069821,
Kepler-582b,0.328,18.49235668,
Kepler-583b,0.203,6.5100253,
Kepler-584b,0.376,35.1810304,
Kepler-585b,0.252,2.75235975,
Kepler-586b,0.249,2.10472218,
Kepler-587b,0.199,10.94027841,
Kepler-588b,0.235,4.22162536,
Kepler-589b,0.203,16.54964934,
Kepler-590b,0.359,5.85296257,
Kepler-591b,0.302,81.1694299,
Kepler-592b,0.213,2.82019241,
Kepler-593b,0.256,21.21708973,
Kepler-594b,0.194,13.64618192,
Kepler-595b,0.34,25.30292332,
Kepler-596b,0.309,21.30022655,
Kepler-597b,0.211,13.02365861,
Kepler-598b,0.134,3.70175428,
Kepler-599b,0.253,15.65562652,
Kepler-600b,0.259,23.67517607,
Kepler-601b,0.17,5.37886844,
Kepler-602b,0.186,15.28469497,
Kepler-603b,0.236,21.05358596,
Kepler-603c,0.58,127.9075774,
Kepler-603d,0.118,6.2171292,
Kepler-604b,0.231,25.85501786,
Kepler-605b,0.128,3.38353807,
Kepler-605c,0.077,2.35895152,
Kepler-606b,0.295,24.31575992,
Kepler-607b,0.078,0.6381632,
Kepler-608b,0.325,6.41251504,
Kepler-609b,0.299,6.52121067,
Kepler-610b,0.374,6.99692655,
Kepler-610c,0.294,151.86392,
Kepler-611b,0.147,2.4370333,
Kepler-612b,0.253,3.72215641,
Kepler-613b,0.204,15.77979614,
Kepler-614b,0.213,14.03491514,
Kepler-615b,0.155,10.35584657,
Kepler-616b,0.217,9.99761851,
Kepler-616c,0.304,90.4113556,
Kepler-617b,0.118,1.68269615,
Kepler-618b,0.232,3.59576964,
Kepler-619b,0.282,5.4042722,
Kepler-619c,0.151,1.20846503,
Kepler-620b,0.296,12.91375431,
Kepler-621b,0.205,2.62811375,
Kepler-622b,0.19,14.28226676,
Kepler-623b,0.269,9.07097734,
Kepler-624b,0.206,14.58649607,
Kepler-625b,0.178,7.75192492,
Kepler-625c,0.094,4.1653651,
Kepler-626b,0.204,14.48585199,
Kepler-627b,0.333,40.6994443,
Kepler-628b,0.749,15.4580567,
Kepler-629b,0.123,7.2385854,
Kepler-630b,0.284,161.4743937,
Kepler-631b,0.259,17.97979059,
Kepler-632b,0.197,30.99660733,
Kepler-633b,0.145,8.50340718,
Kepler-634b,0.169,5.16950177,
Kepler-635b,0.236,23.44971004,
Kepler-636b,0.397,16.08066115,
Kepler-637b,0.424,23.20584623,
Kepler-638b,0.163,6.07972888,
Kepler-639b,0.212,10.21420496,
Kepler-640b,0.228,22.24813967,
Kepler-641b,0.165,9.48961571,
Kepler-642b,0.259,4.41745855,
Kepler-643b,0.906,16.33889626,
Kepler-644b,0.281,3.1739171,
Kepler-645b,0.187,3.27582262,
Kepler-646b,0.178,15.87364565,
Kepler-647b,0.104,16.2254649,
Kepler-648b,0.287,17.4211749,
Kepler-649b,0.202,29.90722674,
Kepler-650b,0.264,3.03214559,
Kepler-651b,0.211,21.38521506,
Kepler-652b,0.222,4.18200253,
Kepler-653b,0.174,14.70748976,
Kepler-653c,0.07,0.90037648,
Kepler-654b,0.185,13.72465129,
Kepler-655b,0.242,46.4063358,
Kepler-656b,0.278,1.26025909,
Kepler-657b,0.314,24.54350418,
Kepler-658b,0.145,1.28707676,
Kepler-659b,0.223,17.671796,
Kepler-660b,0.229,9.27358194,
Kepler-661b,0.274,6.02930132,
Kepler-662b,0.194,21.67697486,
Kepler-663b,0.232,4.99678284,
Kepler-664b,0.237,2.52559332,
Kepler-665b,0.232,16.01310205,
Kepler-666b,0.214,4.49876092,
Kepler-667b,0.422,41.43962808,
Kepler-668b,0.241,8.35390639,
Kepler-669b,0.431,4.12554687,
Kepler-670b,1.176,2.81650485,
Kepler-671b,0.24,4.28095859,
Kepler-672b,0.223,38.3774623,
Kepler-673b,0.583,3.72873109,
Kepler-674b,0.151,2.24338185,
Kepler-675b,0.218,2.33743801,
Kepler-676b,0.271,11.59822172,
Kepler-677b,0.48,6.57531678,
Kepler-678b,0.459,7.27503724,
Kepler-679b,0.269,12.39358604,
Kepler-680b,0.216,3.68992629,
Kepler-681b,0.275,26.39435646,
Kepler-682b,0.658,12.61190667,
Kepler-683b,0.176,2.53918318,
Kepler-684b,0.3,6.77030201,
Kepler-685b,0.944,1.6255222,
Kepler-686b,1.084,1.59474546,
Kepler-687b,0.314,20.50586978,
Kepler-688b,0.871,3.89593684,
Kepler-689b,0.258,22.36656079,
Kepler-690b,0.531,7.74809437,
Kepler-691b,0.186,8.114379,
Kepler-692b,0.277,21.81293494,
Kepler-693b,0.908,15.37563332,
Kepler-694b,0.25,6.36584161,
Kepler-695b,0.822,3.04033042,
Kepler-696b,0.548,4.19042557,
Kepler-697b,0.368,3.70987065,
Kepler-698b,0.328,16.32976218,
Kepler-699b,1.259,27.80756293,
Kepler-700b,0.534,80.8720639,
Kepler-701b,0.253,10.35533177,
Kepler-702b,0.818,10.52629406,
Kepler-703b,0.732,4.58352176,
Kepler-704b,0.233,3.76182115,
Kepler-705b,0.188,56.0560538,
Kepler-706b,1.175,41.40831347,
Kepler-707b,0.119,2.23749275,
Kepler-708b,0.261,3.16789194,
Kepler-709b,0.261,16.08524954,
Kepler-710b,0.168,4.34728553,
Kepler-711b,0.304,23.58914398,
Kepler-712b,0.304,21.02247699,
Kepler-712c,0.433,226.89047,
Kepler-713b,0.221,7.411141,
Kepler-714b,0.863,8.09888799,
Kepler-715b,0.335,10.00652995,
Kepler-716b,0.259,10.37168453,
Kepler-717b,0.216,4.40840023,
Kepler-718b,1.477,2.0523499,
Kepler-719b,0.76,5.00731778,
Kepler-720b,0.75,4.70832654,
Kepler-721b,0.236,5.39202539,
Kepler-722b,0.235,4.09357325,
Kepler-722c,0.252,105.144749,
Kepler-723b,1.088,4.08227507,
Kepler-724b,0.294,3.31494634,
Kepler-725b,0.948,39.64317811,
Kepler-726b,0.291,21.80451088,
Kepler-727b,0.226,5.15448442,
Kepler-728b,0.298,5.74347727,
Kepler-729b,0.319,3.16635371,
Kepler-730b,0.822,6.49168426,
Kepler-731b,1.238,3.85560355,
Kepler-732b,0.194,9.46781405,
Kepler-732c,0.113,0.89304124,
Kepler-733b,0.252,20.83424726,
Kepler-734b,0.318,6.10485286,
Kepler-735b,0.263,11.51516988,
Kepler-736b,0.261,3.60147201,
Kepler-737b,0.175,28.59915399,
Kepler-738b,0.223,24.58721573,
Kepler-739b,0.296,12.53248465,
Kepler-740b,0.408,3.58410122,
Kepler-741b,0.265,7.03902374,
Kepler-742b,0.289,8.36086824,
Kepler-743b,0.108,3.17926292,
Kepler-744b,0.145,12.06222443,
Kepler-745b,0.193,9.93143556,
Kepler-746b,0.099,3.48159251,
Kepler-747b,0.47,35.61760587,
Kepler-748b,0.225,7.40742793,
Kepler-749b,0.277,17.31716585,
Kepler-750b,0.274,9.42887179,
Kepler-750c,0.145,4.08899022,
Kepler-751b,0.219,17.44490636,
Kepler-752b,0.251,18.82747265,
Kepler-753b,0.17,5.74772501,
Kepler-754b,0.179,14.5596237,
Kepler-755b,0.157,1.26909037,
Kepler-755c,0.112,2.85313364,
Kepler-756b,0.1,1.22486632,
Kepler-757b,0.121,1.02267882,
Kepler-758b,0.221,12.1097104,
Kepler-758c,0.151,4.75793986,
Kepler-758d,0.189,20.4966197,
Kepler-758e,0.136,8.1934719,
Kepler-759b,0.203,41.805985,
Kepler-760b,0.273,8.70419416,
Kepler-760c,0.132,2.46697439,
Kepler-761b,0.181,10.12804789,
Kepler-762b,1.131,3.7705521,
Kepler-763b,0.109,1.19655156,
Kepler-764b,0.146,7.33683936,
Kepler-765b,0.217,27.6655226,
Kepler-766b,0.302,6.10027804,
Kepler-767b,0.592,161.5280101,
Kepler-768b,0.16,11.3910025,
Kepler-769b,0.261,7.42608998,
Kepler-769c,0.16,15.9870174,
Kepler-770b,0.205,18.92540274,
Kepler-770c,0.107,1.47532231,
Kepler-770d,0.125,4.15244722,
Kepler-771b,0.162,8.73485836,
Kepler-772b,0.162,12.99207337,
Kepler-773b,0.128,3.74910006,
Kepler-774b,0.283,11.0895723,
Kepler-775b,0.106,0.97486893,
Kepler-776b,0.114,4.89718784,
Kepler-777b,0.131,5.72812599,
Kepler-778b,0.15,3.75574426,
Kepler-779b,0.082,7.09714223,
Kepler-780b,0.079,0.67737516,
Kepler-781b,0.258,13.2140732,
Kepler-782b,0.286,158.6853308,
Kepler-783b,0.07,4.29264638,
Kepler-784b,0.141,31.5922646,
Kepler-785b,1.162,1.97376093,
Kepler-786b,0.217,53.5293487,
Kepler-787b,0.114,0.9283105,
Kepler-788b,0.227,8.39846269,
Kepler-789b,0.189,8.63847725,
Kepler-790b,0.194,13.73469807,
Kepler-791b,0.272,14.5539759,
Kepler-792b,0.175,11.30119217,
Kepler-793b,0.122,4.24153639,
Kepler-794b,0.188,11.13125132,
Kepler-795b,0.15,29.6193421,
Kepler-796b,0.116,6.40087618,
Kepler-797b,0.194,27.07237711,
Kepler-798b,0.213,13.71933369,
Kepler-799b,0.614,133.4605235,
Kepler-800b,0.254,14.13176026,
Kepler-801b,0.178,11.41928253,
Kepler-802b,0.316,40.0587473,
Kepler-803b,0.338,50.28638192,
Kepler-804b,0.173,14.37457351,
Kepler-804c,0.102,9.65185017,
Kepler-805b,0.258,30.8638931,
Kepler-806b,0.102,8.09219642,
Kepler-807b,0.93,117.93108781,
Kepler-808b,0.13,0.63133235,
Kepler-809b,0.269,55.63934,
Kepler-810b,0.172,4.59725385,
Kepler-811b,0.241,23.58447697,
Kepler-812b,0.317,10.11716531,
Kepler-813b,0.191,19.12947337,
Kepler-814b,0.189,6.1469851,
Kepler-815b,0.367,8.57503552,
Kepler-816b,0.914,10.50682565,
Kepler-817b,0.806,3.99010623,
Kepler-818b,0.456,10.03538581,
Kepler-819b,0.246,33.1995648,
Kepler-820b,0.543,127.8338098,
Kepler-821b,0.117,1.92279873,
Kepler-822b,0.158,3.22296927,
Kepler-823b,0.14,4.16809082,
Kepler-824b,0.167,4.51436633,
Kepler-825b,0.136,3.77360059,
Kepler-825c,0.164,8.1818246,
Kepler-826b,0.112,4.48758907,
Kepler-827b,0.502,51.92927591,
Kepler-828b,0.135,0.56785714,
Kepler-829b,0.188,6.88337562,
Kepler-830b,0.152,11.29695137,
Kepler-831b,0.113,5.62153941,
Kepler-832b,0.184,7.1396941,
Kepler-833b,0.18,18.7546998,
Kepler-834b,0.18,13.32388301,
Kepler-835b,0.249,11.41909375,
Kepler-836b,0.244,11.36112327,
Kepler-837b,0.228,16.56059504,
Kepler-838b,0.244,15.74957994,
Kepler-839b,0.229,37.8144514,
Kepler-840b,1.523,2.49577962,
Kepler-841b,0.467,124.4198398,
Kepler-842b,0.143,1.21956827,
Kepler-843b,0.231,2.05387982,
Kepler-844b,0.15,2.61302086,
Kepler-845b,0.182,0.92785982,
Kepler-846b,0.221,19.80792185,
Kepler-847b,0.105,2.3432319,
Kepler-848b,0.152,6.91134416,
Kepler-849b,0.637,394.6244904,
Kepler-850b,0.159,7.19303878,
Kepler-851b,0.15,8.50699658,
Kepler-852b,0.227,44.9309804,
Kepler-853b,0.151,7.16892463,
Kepler-854b,1.492,2.14463285,
Kepler-855b,0.745,7.8866311,
Kepler-856b,0.83,8.02768059,
Kepler-857b,0.607,85.35129427,
Kepler-858b,0.434,76.13602028,
Kepler-859b,0.276,20.38177573,
Kepler-860b,0.289,5.10137945,
Kepler-861b,0.203,3.94963138,
Kepler-862b,0.197,3.14866453,
Kepler-863b,0.259,15.59461874,
Kepler-864b,0.214,5.83376092,
Kepler-865b,0.222,14.16399294,
Kepler-866b,0.145,2.61703254,
Kepler-867b,0.414,150.242127,
Kepler-868b,0.183,5.03251791,
Kepler-869b,0.322,40.4287755,
Kepler-870b,0.248,21.3587621,
Kepler-871b,0.334,22.0459018,
Kepler-872b,0.178,2.57885507,
Kepler-873b,0.335,20.5533844,
Kepler-874b,0.352,40.0686727,
Kepler-875b,0.259,27.5073799,
Kepler-876b,0.128,5.14438011,
Kepler-877b,0.189,18.45847097,
Kepler-878b,0.172,25.9422033,
Kepler-879b,0.229,33.3855938,
Kepler-880b,0.237,7.71468975,
Kepler-881b,0.159,4.44448017,
Kepler-882b,0.11,3.98953967,
Kepler-883b,0.159,12.98495573,
Kepler-884b,0.11,5.69919514,
Kepler-885b,0.223,18.11472949,
Kepler-886b,0.136,6.24146367,
Kepler-887b,0.164,20.42228798,
Kepler-887c,0.101,7.63846023,
Kepler-888b,0.157,70.6979061,
Kepler-889b,0.097,3.744439,
Kepler-890b,0.793,52.75875577,
Kepler-891b,0.572,53.44945593,
Kepler-892b,0.251,13.7521072,
Kepler-893b,0.27,6.33855761,
Kepler-894b,0.248,9.803224,
Kepler-895b,0.137,2.80624233,
Kepler-896b,0.226,144.547396,
Kepler-897b,0.213,8.0472642,
Kepler-898b,0.133,5.8706191,
Kepler-899b,0.239,19.17891293,
Kepler-900b,0.186,6.9913086,
Kepler-901b,0.122,3.51749439,
Kepler-902b,0.227,40.1099547,
Kepler-903b,0.179,10.3507721,
Kepler-903c,0.226,62.9228557,
Kepler-904b,0.158,3.02166863,
Kepler-905b,0.126,5.08274652,
Kepler-906b,0.188,41.6979976,
Kepler-907b,0.107,15.86621821,
Kepler-908b,0.109,1.34059747,
Kepler-909b,0.131,13.93290318,
Kepler-910b,0.073,2.36436901,
Kepler-911b,0.232,20.310501,
Kepler-912b,0.25,2.53475627,
Kepler-913b,0.184,10.29672521,
Kepler-914b,0.123,4.40966548,
Kepler-915b,0.134,4.59489604,
Kepler-916b,0.157,32.2968798,
Kepler-917b,0.17,2.97041437,
Kepler-918b,0.155,4.85386933,
Kepler-919b,0.201,11.04603384,
Kepler-920b,0.216,6.53192704,
Kepler-920c,0.339,100.8274113,
Kepler-921b,0.256,51.300634,
Kepler-922b,0.127,0.93846683,
Kepler-923b,0.123,6.93366476,
Kepler-924b,0.274,61.0370117,
Kepler-925b,0.209,33.8678531,
Kepler-926b,0.206,52.0688601,
Kepler-927b,0.153,9.1149903,
Kepler-928b,0.142,3.9324613,
Kepler-929b,0.099,0.92103214,
Kepler-930b,0.19,71.4517775,
Kepler-931b,0.119,8.03755877,
Kepler-932b,0.122,1.9214374,
Kepler-933b,0.219,14.20443009,
Kepler-934b,0.186,55.6738309,
Kepler-935b,0.12,4.88083852,
Kepler-936b,0.129,10.56134221,
Kepler-937b,0.332,67.668827,
Kepler-937c,0.238,153.343364,
Kepler-938b,0.198,52.6298417,
Kepler-939b,0.156,14.878296,
Kepler-940b,0.298,59.6225257,
Kepler-941b,0.275,17.42395198,
Kepler-942b,0.19,44.96417488,
Kepler-943b,0.529,49.7701438,
Kepler-944b,0.235,43.3167737,
Kepler-945b,0.235,31.0033814,
Kepler-946b,0.172,11.79162572,
Kepler-947b,0.203,26.9644317,
Kepler-948b,0.165,7.76846622,
Kepler-949b,0.26,8.6893073,
Kepler-950b,0.801,98.7180406,
Kepler-951b,0.499,71.52530845,
Kepler-952b,0.682,130.3546919,
Kepler-953b,0.376,88.40655258,
Kepler-953c,0.106,9.10967112,
Kepler-954b,0.207,16.78176602,
Kepler-955b,0.279,14.53244172,
Kepler-956b,0.268,5.24867263,
Kepler-957b,0.491,5.90741354,
Kepler-958b,0.184,9.7678805,
Kepler-959b,0.391,14.80074836,
Kepler-960b,0.204,3.12686223,
Kepler-961b,0.227,16.87727414,
Kepler-962b,0.176,12.05707239,
Kepler-963b,0.237,9.97683705,
Kepler-964b,0.189,13.5225106,
Kepler-965b,0.302,134.2527298,
Kepler-966b,0.368,99.747622,
Kepler-967b,0.21,13.22713379,
Kepler-967c,0.326,198.7112502,
Kepler-968b,0.178,3.69298373,
Kepler-968c,0.151,5.70940492,
Kepler-969b,0.185,34.1731714,
Kepler-969c,0.088,1.6829346,
Kepler-970b,0.247,16.73652231,
Kepler-971b,0.19,9.59070716,
Kepler-972b,0.415,7.03932553,
Kepler-973b,0.175,49.6077331,
Kepler-974b,0.14,4.19449651,
Kepler-975b,0.132,1.97034246,
Kepler-976b,0.353,105.9564148,
Kepler-977b,0.234,26.85328322,
Kepler-978b,0.267,49.6221509,
Kepler-979b,0.243,8.0880135,
Kepler-980b,0.238,11.55102504,
Kepler-981b,0.206,4.46975774,
Kepler-982b,0.201,15.7738221,
Kepler-983b,0.211,60.0855082,
Kepler-984b,0.189,43.0342272,
Kepler-985b,0.266,116.331901,
Kepler-986b,0.211,56.4349938,
Kepler-987b,0.291,105.3033148,
Kepler-988b,0.185,17.76080053,
Kepler-989b,0.197,7.96431535,
Kepler-990b,0.232,9.91723428,
Kepler-990c,0.136,0.53835431,
Kepler-991b,0.227,82.5342519,
Kepler-992b,0.145,20.16034462,
Kepler-993b,0.265,22.08557563,
Kepler-994b,0.143,1.15116651,
Kepler-995b,0.241,28.26731672,
Kepler-996b,0.177,3.77059058,
Kepler-997b,0.121,2.70730672,
Kepler-998b,0.207,5.65377733,
Kepler-999b,0.209,5.99185702,
Kepler-1000b,0.425,120.0181272,
Kepler-1001b,0.281,14.30511983,
Kepler-1002b,0.153,4.33642933,
Kepler-1003b,0.159,3.55485691,
Kepler-1004b,0.56,5.28789787,
Kepler-1005b,0.134,6.49801525,
Kepler-1006b,0.137,19.76172042,
Kepler-1007b,0.128,5.18500207,
Kepler-1008b,0.114,12.43931193,
Kepler-1009b,0.194,11.35011917,
Kepler-1010b,0.207,34.2685705,
Kepler-1011b,0.256,5.75322197,
Kepler-1012b,0.115,5.50860439,
Kepler-1013b,0.192,18.93054959,
Kepler-1014b,0.213,16.57110363,
Kepler-1015b,0.317,16.00494214,
Kepler-1016b,0.194,1.95452434,
Kepler-1016c,0.328,105.6551369,
Kepler-1017b,0.178,7.23400469,
Kepler-1018b,0.23,49.1013514,
Kepler-1019b,0.13,1.41122985,
Kepler-1020b,0.203,96.9151496,
Kepler-1021b,0.208,13.47469571,
Kepler-1022b,0.211,10.99469878,
Kepler-1023b,0.235,62.1387714,
Kepler-1024b,0.349,66.4162133,
Kepler-1025b,0.177,37.3229493,
Kepler-1026b,0.197,36.5156053,
Kepler-1027b,0.079,1.9078052,
Kepler-1028b,0.119,2.51462432,
Kepler-1029b,0.112,4.41769648,
Kepler-1030b,0.221,19.32952416,
Kepler-1031b,0.078,1.22621732,
Kepler-1032b,0.167,3.29011795,
Kepler-1033b,0.224,7.56052806,
Kepler-1034b,0.202,12.12400943,
Kepler-1035b,0.104,2.71407755,
Kepler-1036b,0.269,122.8808058,
Kepler-1037b,0.114,1.06378867,
Kepler-1038b,0.315,148.4603382,
Kepler-1039b,0.13,0.93488424,
Kepler-1040b,0.186,201.1214,
Kepler-1041b,0.262,24.7576421,
Kepler-1042b,0.195,10.13202575,
Kepler-1043b,0.227,38.5053398,
Kepler-1044b,0.238,6.77408868,
Kepler-1045b,0.24,26.41045478,
Kepler-1046b,0.153,14.37508035,
Kepler-1047b,0.186,56.1886887,
Kepler-1047c,0.088,3.18897601,
Kepler-1048b,0.144,6.92101021,
Kepler-1049b,0.085,3.27346074,
Kepler-1050b,0.143,15.3787546,
Kepler-1050c,0.132,21.1284569,
Kepler-1051b,0.303,25.96200249,
Kepler-1052b,0.261,34.8538276,
Kepler-1053b,0.087,2.41435165,
Kepler-1054b,0.235,4.30655689,
Kepler-1055b,0.11,2.29503623,
Kepler-1056b,0.269,27.495606,
Kepler-1057b,0.3,14.08827448,
Kepler-1058b,0.243,110.96546,
Kepler-1059b,0.154,3.76419105,
Kepler-1060b,0.212,46.8779367,
Kepler-1061b,0.177,2.75798267,
Kepler-1062b,0.157,9.30412078,
Kepler-1063b,0.133,14.07971466,
Kepler-1064b,0.138,16.54080322,
Kepler-1065b,0.333,3.60930891,
Kepler-1065c,0.143,2.37030743,
Kepler-1066b,0.211,1.93155984,
Kepler-1067b,0.071,0.76212926,
Kepler-1068b,0.324,16.92344113,
Kepler-1069b,0.143,23.8990296,
Kepler-1070b,0.154,6.2216147,
Kepler-1071b,0.212,6.1799844,
Kepler-1072b,0.141,1.5690665,
Kepler-1073b,0.205,8.67888593,
Kepler-1073c,0.146,4.02582254,
Kepler-1074b,0.112,5.94566534,
Kepler-1075b,0.127,1.52372816,
Kepler-1076b,0.071,6.14727918,
Kepler-1077b,0.247,34.3511874,
Kepler-1078b,0.17,3.00725242,
Kepler-1079b,0.145,13.24503188,
Kepler-1080b,0.293,77.2548396,
Kepler-1081b,0.09,3.85691855,
Kepler-1082b,0.1,1.5432066,
Kepler-1083b,0.3,33.4177993,
Kepler-1084b,0.099,2.05333679,
Kepler-1085b,0.644,219.3217528,
Kepler-1086b,0.218,18.78425728,
Kepler-1086c,0.262,161.5163345,
Kepler-1087b,0.054,0.69384285,
Kepler-1088b,0.127,23.12748644,
Kepler-1089b,0.163,5.13248562,
Kepler-1090b,0.201,198.680179,
Kepler-1091b,0.13,1.43474156,
Kepler-1092b,0.185,58.6017925,
Kepler-1093b,0.174,25.0824626,
Kepler-1093c,0.175,89.722292,
Kepler-1094b,0.284,78.1000231,
Kepler-1095b,0.108,4.27103091,
Kepler-1096b,0.111,2.89221751,
Kepler-1097b,0.291,187.747029,
Kepler-1098b,0.116,2.54307286,
Kepler-1099b,0.252,2.16845259,
Kepler-1100b,0.156,6.42200058,
Kepler-1101b,0.22,81.3151059,
Kepler-1102b,0.237,51.3285623,
Kepler-1103b,0.203,19.79191978,
Kepler-1104b,0.11,5.03728015,
Kepler-1105b,0.179,4.42157218,
Kepler-1106b,0.147,1.25275217,
Kepler-1107b,0.12,0.57103852,
Kepler-1108b,0.13,4.51005748,
Kepler-1109b,0.195,37.6467384,
Kepler-1110b,0.237,9.69312032,
Kepler-1111b,0.178,8.79617863,
Kepler-1112b,0.269,14.36267939,
Kepler-1113b,0.251,42.3004954,
Kepler-1114b,0.12,14.97435694,
Kepler-1115b,0.152,23.5540725,
Kepler-1116b,0.227,41.6977827,
Kepler-1117b,0.099,4.79028459,
Kepler-1118b,0.244,38.6715075,
Kepler-1119b,0.171,8.3265153,
Kepler-1120b,0.123,2.94902905,
Kepler-1121b,0.17,13.15141081,
Kepler-1122b,0.182,42.1917357,
Kepler-1123b,0.149,4.33946454,
Kepler-1124b,0.114,2.85234897,
Kepler-1125b,0.164,17.6700642,
Kepler-1126b,0.154,108.593329,
Kepler-1127b,0.175,5.12330347,
Kepler-1128b,0.326,61.6178167,
Kepler-1129b,0.264,24.3397804,
Kepler-1129c,0.244,76.5369586,
Kepler-1130b,0.071,5.45298175,
Kepler-1131b,0.142,3.53232449,
Kepler-1132b,0.21,62.8916228,
Kepler-1133b,0.176,11.55562343,
Kepler-1134b,0.236,17.13263989,
Kepler-1135b,0.165,76.957857,
Kepler-1136b,0.146,2.36172433,
Kepler-1137b,0.196,23.9210791,
Kepler-1138b,0.152,3.17060005,
Kepler-1139b,0.106,0.81316672,
Kepler-1140b,0.247,24.0862707,
Kepler-1141b,0.073,2.34451194,
Kepler-1142b,0.131,18.3027248,
Kepler-1143b,0.149,2.88890485,
Kepler-1143c,0.321,210.630591,
Kepler-1144b,0.178,17.14647302,
Kepler-1145b,0.125,3.97076766,
Kepler-1146b,0.11,2.3522658,
Kepler-1147b,0.233,10.62784997,
Kepler-1148b,0.151,1.10446351,
Kepler-1149b,0.128,3.73089898,
Kepler-1150b,0.091,2.78786839,
Kepler-1151b,0.198,65.6478424,
Kepler-1152b,0.078,1.64680191,
Kepler-1153b,0.154,1.75583533,
Kepler-1154b,0.209,5.1856142,
Kepler-1154c,0.211,8.45808312,
Kepler-1155b,0.181,33.469743,
Kepler-1156b,0.118,11.89520511,
Kepler-1157b,0.097,4.45743164,
Kepler-1158b,0.209,13.5396293,
Kepler-1159b,0.211,22.70816791,
Kepler-1160b,0.191,7.97034958,
Kepler-1161b,0.19,10.71252541,
Kepler-1162b,0.197,32.5637069,
Kepler-1163b,0.092,6.11786898,
Kepler-1164b,0.1,3.97599768,
Kepler-1165b,0.138,9.478522,
Kepler-1166b,0.151,33.2406882,
Kepler-1167b,0.153,1.00393374,
Kepler-1168b,0.223,55.8226539,
Kepler-1169b,0.084,6.11009134,
Kepler-1170b,0.215,9.98969327,
Kepler-1171b,0.228,1.44259224,
Kepler-1172b,0.285,26.0204423,
Kepler-1173b,0.079,0.7698536,
Kepler-1174b,0.142,6.89225223,
Kepler-1175b,0.267,37.94563,
Kepler-1176b,0.219,24.1738579,
Kepler-1177b,0.17,106.247547,
Kepler-1178b,0.095,31.80634,
Kepler-1179b,0.118,2.68505749,
Kepler-1180b,0.178,16.8601286,
Kepler-1181b,0.14,4.89337519,
Kepler-1182b,0.215,11.17394617,
Kepler-1183b,0.252,28.5057189,
Kepler-1184b,0.239,53.5991044,
Kepler-1185b,0.119,104.3518976,
Kepler-1186b,0.199,16.07677615,
Kepler-1187b,0.233,18.87064068,
Kepler-1188b,0.186,17.1369543,
Kepler-1189b,0.158,3.78858982,
Kepler-1190b,0.119,10.45843441,
Kepler-1191b,0.135,5.60014851,
Kepler-1192b,0.211,25.2034787,
Kepler-1193b,0.118,2.83265213,
Kepler-1194b,0.135,16.22371307,
Kepler-1195b,0.186,8.49642241,
Kepler-1196b,0.199,66.1849031,
Kepler-1197b,0.112,2.03231845,
Kepler-1198b,0.131,7.6847716,
Kepler-1199b,0.103,15.0447198,
Kepler-1200b,0.095,1.11854972,
Kepler-1201b,0.204,15.18725932,
Kepler-1202b,0.262,28.6851324,
Kepler-1203b,0.095,0.58800076,
Kepler-1204b,0.272,85.7350285,
Kepler-1205b,0.126,1.07839035,
Kepler-1206b,0.146,1.21699766,
Kepler-1207b,0.145,13.68237119,
Kepler-1208b,0.207,11.08507637,
Kepler-1209b,0.135,25.369116,
Kepler-1210b,0.152,8.07124073,
Kepler-1211b,0.227,11.01816836,
Kepler-1212b,0.191,12.94130146,
Kepler-1213b,0.106,5.34982412,
Kepler-1214b,0.211,18.82634264,
Kepler-1215b,0.109,4.76703963,
Kepler-1216b,0.124,4.37034536,
Kepler-1217b,0.178,2.03232507,
Kepler-1218b,0.128,22.9221266,
Kepler-1219b,0.189,16.10467749,
Kepler-1220b,0.136,7.42693741,
Kepler-1221b,0.168,12.00096042,
Kepler-1222b,0.07,1.91694425,
Kepler-1223b,0.109,16.301259,
Kepler-1224b,0.119,13.32351601,
Kepler-1225b,0.162,7.01075434,
Kepler-1226b,0.129,17.2923453,
Kepler-1227b,0.204,94.2887577,
Kepler-1228b,0.137,0.57736958,
Kepler-1229b,0.125,86.828989,
Kepler-1230b,0.242,9.95661537,
Kepler-1231b,0.127,10.41725184,
Kepler-1232b,0.172,26.7839183,
Kepler-1233b,0.232,45.1263042,
Kepler-1234b,0.251,11.94014029,
Kepler-1235b,0.07,4.16055856,
Kepler-1236b,0.191,31.0571618,
Kepler-1237b,0.255,84.5733226,
Kepler-1238b,0.172,4.14787559,
Kepler-1239b,0.259,5.19104016,
Kepler-1240b,0.103,4.8663815,
Kepler-1241b,0.235,18.5525701,
Kepler-1242b,0.202,13.62798432,
Kepler-1243b,0.156,16.8320729,
Kepler-1244b,0.12,3.70428172,
Kepler-1245b,0.128,4.35409304,
Kepler-1245c,0.128,2.93658468,
Kepler-1246b,0.121,11.32271513,
Kepler-1247b,0.208,13.71220213,
Kepler-1248b,0.105,7.46725407,
Kepler-1249b,0.212,24.3347127,
Kepler-1250b,0.171,2.60754383,
Kepler-1251b,0.164,45.0904643,
Kepler-1252b,0.149,15.0540329,
Kepler-1253b,0.119,68.8861915,
Kepler-1254b,0.138,9.99113313,
Kepler-1254c,0.116,3.60084276,
Kepler-1254d,0.117,5.72717226,
Kepler-1255b,0.207,36.2919336,
Kepler-1256b,0.133,12.4127754,
Kepler-1257b,0.136,2.66831376,
Kepler-1258b,0.077,0.98494017,
Kepler-1259b,0.128,0.66308526,
Kepler-1260b,0.158,19.1187753,
Kepler-1261b,0.202,48.4308991,
Kepler-1262b,0.162,8.67900242,
Kepler-1263b,0.102,4.55139967,
Kepler-1264b,0.105,0.96852602,
Kepler-1265b,0.12,6.49441289,
Kepler-1266b,0.23,28.474748,
Kepler-1267b,0.269,13.0313945,
Kepler-1268b,0.181,40.9903986,
Kepler-1269b,0.145,37.3331536,
Kepler-1270b,0.296,6.03356196,
Kepler-1271b,0.132,3.0255955,
Kepler-1272b,0.211,51.1309704,
Kepler-1273b,0.222,28.625653,
Kepler-1274b,0.127,6.98152703,
Kepler-1275b,0.132,3.65691115,
Kepler-1276b,0.106,12.5720095,
Kepler-1277b,0.143,40.8365012,
Kepler-1278b,0.09,3.23941344,
Kepler-1279b,0.156,23.4774101,
Kepler-1280b,0.167,66.5579057,
Kepler-1281b,0.146,3.11602791,
Kepler-1282b,0.138,2.13194651,
Kepler-1283b,0.17,12.9460978,
Kepler-1284b,0.108,0.66407381,
Kepler-1285b,0.087,14.7967458,
Kepler-1286b,0.192,11.25402929,
Kepler-1287b,0.137,11.47685909,
Kepler-1288b,0.1,2.76122421,
Kepler-1289b,0.136,7.99019627,
Kepler-1290b,0.127,4.69500134,
Kepler-1291b,0.148,8.63043276,
Kepler-1292b,0.162,3.27646405,
Kepler-1293b,0.087,5.57654784,
Kepler-1294b,0.285,115.6862258,
Kepler-1295b,0.138,3.81371974,
Kepler-1296b,0.081,8.3839865,
Kepler-1297b,0.087,1.68189002,
Kepler-1298b,0.117,7.12811928,
Kepler-1299b,0.266,19.9400874,
Kepler-1300b,0.122,22.2419092,
Kepler-1301b,0.125,9.08237046,
Kepler-1302b,0.128,8.83922659,
Kepler-1303b,0.127,7.56127224,
Kepler-1304b,0.204,16.1288853,
Kepler-1305b,0.168,13.5630972,
Kepler-1306b,0.17,16.29595382,
Kepler-1307b,0.22,18.01621096,
Kepler-1308b,0.046,2.10433812,
Kepler-1309b,0.211,28.8432647,
Kepler-1310b,0.128,0.67933627,
Kepler-1311b,0.111,11.1726994,
Kepler-1311c,0.109,2.53573424,
Kepler-1312b,0.187,5.44832529,
Kepler-1313b,0.157,3.83309118,
Kepler-1314b,0.456,5.42474928,
Kepler-1315b,0.123,0.84338011,
Kepler-1316b,0.316,87.9732136,
Kepler-1317b,0.139,0.56887443,
Kepler-1318b,0.277,213.257663,
Kepler-1319b,0.12,2.88676265,
Kepler-1320b,0.152,0.86838653,
Kepler-1321b,0.439,11.12830484,
Kepler-1321c,0.214,2.22649109,
Kepler-1322b,0.144,0.96286738,
Kepler-1323b,0.136,0.92990668,
Kepler-1324b,0.135,4.11584468,
Kepler-1325b,0.255,33.8786838,
Kepler-1326b,0.373,42.3514267,
Kepler-1327b,0.161,14.88801098,
Kepler-1328b,0.087,4.52158888,
Kepler-1329b,0.194,9.33646594,
Kepler-1330b,0.147,10.10769068,
Kepler-1331b,0.094,0.78916165,
Kepler-1332b,0.122,11.87456832,
Kepler-1333b,0.251,109.6471842,
Kepler-1334b,0.204,15.64591713,
Kepler-1335b,0.129,6.26406846,
Kepler-1336b,0.177,23.198681,
Kepler-1336c,0.153,5.77721211,
Kepler-1337b,0.215,24.4002549,
Kepler-1338b,0.082,0.93511806,
Kepler-1339b,0.063,1.34155513,
Kepler-1340b,0.138,0.66502692,
Kepler-1341b,0.267,132.9968322,
Kepler-1342b,0.148,2.21571036,
Kepler-1343b,0.172,3.35183158,
Kepler-1344b,0.164,4.7683049,
Kepler-1345b,0.211,44.6169557,
Kepler-1346b,0.141,3.40165668,
Kepler-1347b,0.092,14.00947528,
Kepler-1348b,0.173,27.5722742,
Kepler-1349b,0.062,2.12823928,
Kepler-1350b,0.225,4.4968604,
Kepler-1350c,0.154,1.76678906,
Kepler-1351b,0.058,0.91614077,
Kepler-1352b,0.079,1.87788275,
Kepler-1353b,0.161,24.7543966,
Kepler-1354b,0.265,76.613377,
Kepler-1355b,0.13,1.28958811,
Kepler-1356b,0.136,0.63400294,
Kepler-1357b,0.114,3.0091324,
Kepler-1358b,0.1,7.06317341,
Kepler-1359b,0.252,59.4970952,
Kepler-1360b,0.303,40.5286413,
Kepler-1361b,0.077,3.57554956,
Kepler-1362b,0.232,136.205626,
Kepler-1363b,0.112,2.94194094,
Kepler-1364b,0.192,13.32196237,
Kepler-1365b,0.082,7.69993485,
Kepler-1365c,0.071,4.77468005,
Kepler-1366b,0.128,2.16457097,
Kepler-1367b,0.082,1.57409027,
Kepler-1368b,0.147,0.67564949,
Kepler-1369b,0.24,25.873148,
Kepler-1370b,0.164,20.2641684,
Kepler-1370c,0.113,7.44142113,
Kepler-1371b,0.065,3.4462039,
Kepler-1371c,0.057,2.00541269,
Kepler-1372b,0.113,1.31155557,
Kepler-1373b,0.103,1.29123275,
Kepler-1374b,0.204,10.65276707,
Kepler-1375b,0.155,3.3004192,
Kepler-1376b,0.094,5.30880656,
Kepler-1377b,0.112,0.74092842,
Kepler-1378b,0.196,11.95398936,
Kepler-1379b,0.116,0.88184115,
Kepler-1380b,0.128,10.3108245,
Kepler-1381b,0.201,25.3842686,
Kepler-1382b,0.168,16.3583055,
Kepler-1383b,0.126,13.9093583,
Kepler-1384b,0.173,15.36262753,
Kepler-1385b,0.076,2.88879862,
Kepler-1386b,0.111,6.73972381,
Kepler-1387b,0.083,2.27952666,
Kepler-1388b,0.231,12.2854603,
Kepler-1388c,0.202,5.53608151,
Kepler-1388d,0.255,20.9568158,
Kepler-1388e,0.219,37.6327084,
Kepler-1389b,0.158,99.2530951,
Kepler-1390b,0.105,6.48021673,
Kepler-1391b,0.15,54.4092333,
Kepler-1392b,0.175,15.1410397,
Kepler-1393b,0.071,2.44357812,
Kepler-1394b,0.124,3.93766373,
Kepler-1395b,0.071,3.78470649,
Kepler-1396b,0.185,18.2206421,
Kepler-1397b,0.153,47.449955,
Kepler-1398b,0.08,2.78815679,
Kepler-1398c,0.092,4.13827595,
Kepler-1399b,0.112,1.63865306,
Kepler-1400b,0.145,9.06689421,
Kepler-1401b,0.15,11.20066445,
Kepler-1402b,0.068,2.03387914,
Kepler-1403b,0.191,5.19492202,
Kepler-1404b,0.179,15.9314739,
Kepler-1405b,0.353,28.2274184,
Kepler-1406b,0.098,11.62905828,
Kepler-1407b,0.201,20.0711504,
Kepler-1408b,0.079,2.99793191,
Kepler-1409b,0.093,0.76486493,
Kepler-1410b,0.159,60.866168,
Kepler-1411b,0.252,86.1150888,
Kepler-1412b,0.074,3.6146051,
Kepler-1413b,0.162,13.1829642,
Kepler-1414b,0.11,3.51576315,
Kepler-1415b,0.115,0.63642408,
Kepler-1416b,0.079,1.49514952,
Kepler-1417b,0.089,20.3505213,
Kepler-1418b,0.148,22.4764425,
Kepler-1419b,0.255,42.5215895,
Kepler-1420b,0.114,6.69960006,
Kepler-1421b,0.083,6.9131112,
Kepler-1422b,0.18,18.6051942,
Kepler-1423b,0.095,23.955378,
Kepler-1424b,0.103,29.6091744,
Kepler-1425b,0.084,14.4541302,
Kepler-1426b,0.139,14.2563227,
Kepler-1427b,0.098,0.96897238,
Kepler-1428b,0.146,10.67607169,
Kepler-1429b,0.115,4.48487493,
Kepler-1430b,0.105,2.46050993,
Kepler-1431b,0.131,5.86601526,
Kepler-1432b,0.198,23.9109011,
Kepler-1433b,0.139,4.13592271,
Kepler-1434b,0.099,8.05333618,
Kepler-1435b,0.077,4.45343281,
Kepler-1436b,0.117,9.705716,
Kepler-1437b,0.122,10.9295461,
Kepler-1438b,0.084,2.31942009,
Kepler-1439b,0.13,8.07392849,
Kepler-1440b,0.112,39.859484,
Kepler-1441b,0.117,39.4419839,
Kepler-1442b,0.351,81.4162941,
Kepler-1443b,0.087,2.41811321,
Kepler-1444b,0.194,33.42035034,
Kepler-1445b,0.086,10.60052251,
Kepler-1446b,0.073,0.68996783,
Kepler-1447b,0.259,56.6747285,
Kepler-1448b,0.144,12.27065865,
Kepler-1449b,0.15,13.2274528,
Kepler-1450b,0.153,54.5094166,
Kepler-1451b,0.299,35.622233,
Kepler-1452b,0.241,42.913751,
Kepler-1453b,0.238,47.1611696,
Kepler-1454b,0.168,47.0319479,
Kepler-1455b,0.193,49.276764,
Kepler-1456b,0.102,18.1373829,
Kepler-1457b,0.178,51.1110243,
Kepler-1458b,0.246,47.9872764,
Kepler-1459b,0.121,62.8691611,
Kepler-1460b,0.175,29.9633247,
Kepler-1461b,0.181,29.3494775,
Kepler-1462b,0.341,65.6488341,
Kepler-1463b,0.166,25.15864,
Kepler-1464b,0.148,31.7785901,
Kepler-1464c,0.089,5.32786292,
Kepler-1465b,0.158,31.8277111,
Kepler-1466b,0.138,31.1750448,
Kepler-1467b,0.294,47.0569043,
Kepler-1468b,0.154,8.23984869,
Kepler-1468c,0.103,3.54553021,
Kepler-1469b,0.25,21.8635301,
Kepler-1470b,0.095,16.2950903,
Kepler-1471b,0.126,3.63899398,
Kepler-1472b,0.17,38.1312831,
Kepler-1473b,0.106,14.4273551,
Kepler-1474b,0.193,36.4333452,
Kepler-1475b,0.261,82.177374,
Kepler-1476b,0.149,10.35863224,
Kepler-1477b,0.105,11.55530021,
Kepler-1478b,0.154,26.0840594,
Kepler-1479b,0.163,14.53261362,
Kepler-1480b,0.149,22.12679948,
Kepler-1481b,0.11,5.94220998,
Kepler-1482b,0.09,12.25383217,
Kepler-1483b,0.136,9.5085156,
Kepler-1484b,0.188,30.4549136,
Kepler-1485b,0.131,19.9157725,
Kepler-1486b,0.207,54.6495759,
Kepler-1487b,0.19,7.31946363,
Kepler-1488b,0.166,39.8189932,
Kepler-1489b,0.158,82.294751,
Kepler-1490b,0.271,92.4362973,
Kepler-1491b,0.135,16.5861762,
Kepler-1492b,0.133,16.75255007,
Kepler-1493b,0.126,15.0217983,
Kepler-1494b,0.274,91.080482,
Kepler-1495b,0.262,85.273256,
Kepler-1496b,0.198,64.6588017,
Kepler-1497b,0.148,8.74199772,
Kepler-1498b,0.119,48.051405,
Kepler-1499b,0.106,44.2008,
Kepler-1500b,0.107,15.0330105,
Kepler-1501b,0.139,14.5564533,
Kepler-1502b,0.284,41.7083629,
Kepler-1503b,0.203,96.16987,
Kepler-1504b,0.19,82.304003,
Kepler-1505b,0.083,30.8609366,
Kepler-1506b,0.118,14.0329154,
Kepler-1507b,0.075,16.0506213,
Kepler-1508b,0.119,20.7056504,
Kepler-1509b,0.165,25.4338197,
Kepler-1510b,0.3,84.703921,
Kepler-1511b,0.15,23.2382792,
Kepler-1512b,0.105,20.35972599,
Kepler-1513b,0.755,160.88465087,
Kepler-1514b,1.055,217.8317626,
Kepler-1515b,0.852,214.3114164,
Kepler-1516b,0.156,7.25931979,
Kepler-1517b,0.871,5.54608367,
Kepler-1518b,0.272,5.11177904,
Kepler-1519b,0.63,240.7989397,
Kepler-1520b,0.515,0.65355357,
Kepler-1521b,0.223,47.14840805,
Kepler-1522b,0.154,1.84788917,
Kepler-1523b,0.141,0.93875077,
Kepler-1524b,0.316,70.9674603,
Kepler-1525b,0.081,2.41660118,
Kepler-1526b,0.217,3.908632,
Kepler-1527b,0.426,160.129918,
Kepler-1528b,0.13,1.79111021,
Kepler-1529b,0.187,5.33905686,
Kepler-1530b,0.146,2.5904434,
Kepler-1530c,0.147,5.3227406,
Kepler-1531b,0.099,1.13854338,
Kepler-1532b,0.12,1.09366356,
Kepler-1533b,0.309,308.5471,
Kepler-1534b,0.169,5.71668872,
Kepler-1535b,0.227,138.9442,
Kepler-1536b,0.28,364.758031,
Kepler-1537b,0.105,1.4444538,
Kepler-1538b,0.252,175.138819,
Kepler-1539b,0.241,133.3036741,
Kepler-1540b,0.222,125.4131177,
Kepler-1541b,0.103,8.40691199,
Kepler-1542b,0.068,3.95116882,
Kepler-1542c,0.058,2.89223021,
Kepler-1542d,0.078,5.99273738,
Kepler-1542e,0.068,5.10115756,
Kepler-1543b,0.242,6.96710269,
Kepler-1544b,0.159,168.811174,
Kepler-1545b,0.241,163.692349,
Kepler-1546b,0.279,19.5974971,
Kepler-1547b,0.08,0.69297968,
Kepler-1548b,0.236,124.828679,
Kepler-1549b,0.229,214.886545,
Kepler-1550b,0.269,225.582809,
Kepler-1551b,0.237,24.4973698,
Kepler-1552b,0.22,184.771853,
Kepler-1553b,0.103,4.24261881,
Kepler-1554b,0.259,198.088774,
Kepler-1555b,0.144,8.10501635,
Kepler-1556b,0.175,8.82713457,
Kepler-1557b,0.136,3.74032496,
Kepler-1558b,0.061,3.50470358,
Kepler-1559b,0.064,0.97191543,
Kepler-1560b,0.079,3.03195744,
Kepler-1561b,0.097,1.00520701,
Kepler-1562b,0.317,64.2737752,
Kepler-1563b,0.067,3.43276598,
Kepler-1564b,0.131,18.0540381,
Kepler-1565b,0.106,1.53818844,
Kepler-1566b,0.07,0.53991524,
Kepler-1567b,0.244,153.979578,
Kepler-1568b,0.116,20.925392,
Kepler-1569b,0.15,5.79180156,
Kepler-1570b,0.095,26.548955,
Kepler-1571b,0.136,3.38555488,
Kepler-1572b,0.084,5.49548621,
Kepler-1573b,0.107,2.6157554,
Kepler-1574b,0.115,6.9424334,
Kepler-1575b,0.117,2.55314213,
Kepler-1576b,0.093,6.98471973,
Kepler-1577b,0.101,6.30560247,
Kepler-1578b,0.093,1.45088691,
Kepler-1579b,0.075,0.84990789,
Kepler-1580b,0.188,56.6449279,
Kepler-1581b,0.071,6.28385491,
Kepler-1582b,0.133,4.83817712,
Kepler-1583b,0.054,9.32807355,
Kepler-1584b,0.144,13.3997099,
Kepler-1585b,0.16,3.5827463,
Kepler-1586b,0.136,15.6049212,
Kepler-1587b,0.119,9.4060467,
Kepler-1588b,0.068,7.84931739,
Kepler-1589b,0.097,0.99166527,
Kepler-1590b,0.102,7.61760804,
Kepler-1591b,0.113,8.18504949,
Kepler-1592b,0.137,3.05710069,
Kepler-1593b,0.283,174.509835,
Kepler-1594b,0.095,2.71603809,
Kepler-1595b,0.11,4.56380468,
Kepler-1596b,0.17,66.373379,
Kepler-1597b,0.095,2.94654179,
Kepler-1598b,0.085,4.34195123,
Kepler-1599b,0.145,122.363553,
Kepler-1600b,0.279,386.370548,
Kepler-1601b,0.073,2.20921951,
Kepler-1602b,0.12,11.17931605,
Kepler-1603b,0.115,2.27163926,
Kepler-1604b,0.126,0.68368426,
Kepler-1605b,0.096,85.7565495,
Kepler-1606b,0.185,196.435224,
Kepler-1607b,0.082,13.6473676,
Kepler-1608b,0.154,16.4735686,
Kepler-1609b,0.198,114.34219,
Kepler-1610b,0.144,8.70181574,
Kepler-1611b,0.072,5.1762429,
Kepler-1612b,0.092,3.91795101,
Kepler-1613b,0.186,1.5184299,
Kepler-1614b,0.133,3.9466141,
Kepler-1615b,0.184,47.3126192,
Kepler-1616b,0.091,6.76284377,
Kepler-1617b,0.107,27.4785572,
Kepler-1618b,0.112,6.10826019,
Kepler-1619b,0.068,23.6225913,
Kepler-1620b,0.144,101.951829,
Kepler-1621b,0.193,92.263714,
Kepler-1622b,0.131,10.8118737,
Kepler-1623b,0.117,4.36128348,
Kepler-1624b,0.509,3.29030452,
Kepler-1625b,0.541,287.378949,
Kepler-1626b,0.18,4.13962966,
Kepler-1627b,0.329,7.20283653,
Kepler-1628b,0.574,76.378033,
Kepler-1629b,0.069,3.87595807,
Kepler-1630b,0.195,509.997402,
Kepler-1631b,0.12,4.09513932,
Kepler-1632b,0.22,448.303558,
Kepler-1633b,0.141,186.404271,
Kepler-1634b,0.285,374.876239,
Kepler-1635b,0.325,469.63111,
Kepler-1636b,0.288,425.47785,
Kepler-1637b,0.079,6.10960324,
Kepler-1638b,0.167,259.33683,
Kepler-1639b,0.23,9.878482,
Kepler-1640b,0.43,7.5844126,
Kepler-1641b,0.277,19.672266,
Kepler-1641c,0.263,32.657212,
Kepler-1642b,0.285,12.2057513,
Kepler-1642c,0.237,6.6513802,
Kepler-1643b,0.205,5.34264507,
Kepler-1644b,0.168,21.0907758,
Kepler-1645b,0.159,16.1779561,
Kepler-1646b,0.11,4.48558383,
Kepler-1647b,1.51968,1.059,
KOI-847 c,0.5,1106.243,
OGLE-2007-BLG-349(AB)c,0.25171,2557,
OGLE-2012-BLG-0724Lb,0.47,1.6,
OGLE-2014-BLG-0676Lb,3.09,4.4,
OGLE-2015-BLG-0051Lb [id],0.72,0.73,
OGLE-2015-BLG-0954Lb,3.9,1.2,
OGLE-2012-BLG-0950Lb,0.11012,2.7,
OGLE-2014-BLG-1760Lb [id],0.56,1.75,
Pr0211 c,7.79,4850,
Proxima Centauri b,0.004,11.186,
Rho Coronae Borealis c,0.07866,102.54,0.89
TRAPPIST-1b,0.00267,0.097,39
TRAPPIST-1c,0.00434,0.094,39
TRAPPIST-1d,0.00129,0.069,39
TYC 3667-1280-1 b,5.4,26.468,1.87
V830 Tauri b,0.7,4.927,
WASP-92b,0.805,1.461,1700
WASP-93b,1.47,1.597,1.33
WASP-113b,0.475,1.409,1200
WASP-114b,1.769,1.339,1500
WASP-118b,0.514,1.44,1.32
WASP-119b,1.23,1.4,1090
WASP-124b,0.6,1.24,1410
WASP-126b,0.28,0.96,760
WASP-127b,0.18,1.37,1.08
WASP-129b,1,0.93,800
WASP-130b,1.23,0.89,590
WASP-131b,0.27,1.22,820
WASP-132b,0.41,0.87,390
WASP-133b,1.16,1.21,1780
WASP-136b,1.51,1.38,1.41
WASP-138b,1.22,1.09,1.22
WASP-139b,0.117,0.8,750
WASP-140b,2.44,1.44,590
WASP-141b,2.69,1.21,1900
WASP-142b,0.84,1.53,2700
WASP-157b,0.574,1.065,1.26
XO-6b,4.4,2.07,759.0
YBP 401 b,0.46,4.087,
